"Census.Tract","percent_households"
"Census Tract 101",13.4762633996937
"Census Tract 102.01",8.85188431200701
"Census Tract 102.02",11.1638954869359
"Census Tract 103",13.1856540084388
"Census Tract 104",13.1832797427653
"Census Tract 105.01",13.7784090909091
"Census Tract 105.02",13.8276553106212
"Census Tract 105.03",6.47249190938511
"Census Tract 106",11.9853613906679
"Census Tract 107.01",10.2816901408451
"Census Tract 107.02",12.1437422552664
"Census Tract 201",6.26822157434402
"Census Tract 202",1.59304851556843
"Census Tract 203.01",1.62767039674466
"Census Tract 203.02",4.62555066079295
"Census Tract 204",4.97175141242938
"Census Tract 205",3.7392138063279
"Census Tract 206.01",1.12359550561798
"Census Tract 206.02",5.01835985312117
"Census Tract 207.01",4.17690417690418
"Census Tract 207.02",2.18209179834462
"Census Tract 208.01",4.97560975609756
"Census Tract 208.02",3.47758887171561
"Census Tract 209.01",3.39342523860021
"Census Tract 209.02",5.51523947750363
"Census Tract 301.01",15.4779969650986
"Census Tract 301.02",15.2329749103943
"Census Tract 301.03",14.6118721461187
"Census Tract 301.04",8.36820083682008
"Census Tract 302",17.4267100977199
"Census Tract 303",9.80735551663748
"Census Tract 304",27.1428571428571
"Census Tract 305",23.7845923709798
"Census Tract 306.01",14.4620811287478
"Census Tract 306.03",15.3846153846154
"Census Tract 306.04",13.4556574923547
"Census Tract 307.01",21.6216216216216
"Census Tract 307.02",13.953488372093
"Census Tract 307.03",22.9422066549912
"Census Tract 307.06",18.5258964143426
"Census Tract 308",23.8336713995943
"Census Tract 309",22.5663716814159
"Census Tract 310",17.1717171717172
"Census Tract 311",24.6346555323591
"Census Tract 312",17.7353342428377
"Census Tract 313",14.4239226033421
"Census Tract 314",16.1425576519916
"Census Tract 315.01",12.8595600676819
"Census Tract 315.02",14.7988505747126
"Census Tract 317",18.9873417721519
"Census Tract 318",10.2941176470588
"Census Tract 319",8
"Census Tract 321",14.4435674822415
"Census Tract 401",12.2641509433962
"Census Tract 402.01",5.11896178803172
"Census Tract 402.02",3.29094988780853
"Census Tract 403",4.55259026687598
"Census Tract 404.01",7.33333333333333
"Census Tract 404.02",8.44939647168059
"Census Tract 406",6.22710622710623
"Census Tract 407",4.65994962216625
"Census Tract 408",4.82233502538071
"Census Tract 409",5.86854460093897
"Census Tract 501",4.04721753794266
"Census Tract 502",3.02521008403361
"Census Tract 503",3.98724082934609
"Census Tract 505",3.52348993288591
"Census Tract 506",5.12820512820513
"Census Tract 507",3.53535353535354
"Census Tract 508",2.89389067524116
"Census Tract 509",1.23839009287926
"Census Tract 510",1.67597765363128
"Census Tract 511",4.73815461346633
"Census Tract 512",2.90697674418605
"Census Tract 513",2.93296089385475
"Census Tract 514",3.49907918968692
"Census Tract 601",4.28790199081164
"Census Tract 602",6.81362725450902
"Census Tract 603",3.49344978165939
"Census Tract 604",4.05244338498212
"Census Tract 605",5.12820512820513
"Census Tract 608",14.7058823529412
"Census Tract 609",15.7551020408163
"Census Tract 610",21.5736040609137
"Census Tract 611",4.20560747663551
"Census Tract 612",5
"Census Tract 615",5.78034682080925
"Census Tract 618",24.3093922651934
"Census Tract 619.01",14.5242070116861
"Census Tract 619.02",12.9135538954109
"Census Tract 620",18.4357541899441
"Census Tract 621",19.1198786039454
"Census Tract 622",5.99369085173502
"Census Tract 623",5.66037735849057
"Census Tract 624",6.72268907563025
"Census Tract 625",8.04597701149425
"Census Tract 626",3.85288966725044
"Census Tract 627",4.90998363338789
"Census Tract 628",3.65408038976857
"Census Tract 629",5.67465321563682
"Census Tract 630",5.5379746835443
"Census Tract 631",13.2450331125828
"Census Tract 632",9.63375796178344
"Census Tract 633.01",8.63309352517986
"Census Tract 633.02",6.9620253164557
"Census Tract 633.03",7.55555555555556
"Census Tract 634",8.65384615384615
"Census Tract 701.01",3.12925170068027
"Census Tract 701.02",2.64084507042254
"Census Tract 701.03",4.88888888888889
"Census Tract 702",3.70919881305638
"Census Tract 703",4.551201011378
"Census Tract 704",2.38095238095238
"Census Tract 705",3.23054331864905
"Census Tract 706",2.7363184079602
"Census Tract 707",2.460024600246
"Census Tract 710",1.00401606425703
"Census Tract 711",2.2075055187638
"Census Tract 712",5.16129032258065
"Census Tract 713",1.69082125603865
"Census Tract 714",3.64238410596026
"Census Tract 715",3.02768166089965
"Census Tract 716",1.22249388753056
"Census Tract 717",3.61757105943152
"Census Tract 718",1.41342756183746
"Census Tract 801",3.91882435269419
"Census Tract 802.01",4.30622009569378
"Census Tract 802.02",5.62248995983936
"Census Tract 803",3.50877192982456
"Census Tract 804",5.6640625
"Census Tract 810",5.38532961931291
"Census Tract 811",4.77001703577513
"Census Tract 812.01",3.58923230309073
"Census Tract 812.02",3.83233532934132
"Census Tract 813",5.83190394511149
"Census Tract 814.01",2.32558139534884
"Census Tract 814.02",3.65050867743866
"Census Tract 814.03",4.41310282074613
"Census Tract 815",4.6477850399419
"Census Tract 816",4.58937198067633
"Census Tract 817",3.49794238683128
"Census Tract 818",4.10276073619632
"Census Tract 819",6.71140939597315
"Census Tract 901",0.714285714285714
"Census Tract 902",1.42372881355932
"Census Tract 903",1.28205128205128
"Census Tract 1001",0.967458223394899
"Census Tract 1002",1.35777325186694
"Census Tract 1003",1.18858954041204
"Census Tract 1004",0.256081946222791
"Census Tract 1005",1.38181818181818
"Census Tract 1006",1.12044817927171
"Census Tract 1007",1.19266055045872
"Census Tract 1101",2.26480836236934
"Census Tract 1102",2.69784172661871
"Census Tract 1103",1.91470844212359
"Census Tract 1104",2.54424778761062
"Census Tract 1105.01",1.4014014014014
"Census Tract 1105.02",3.53302611367128
"Census Tract 1201",1.73992673992674
"Census Tract 1202",1.1353711790393
"Census Tract 1203",1.82370820668693
"Census Tract 1204",3.1413612565445
"Census Tract 1301",1.85375901132853
"Census Tract 1302",3.27868852459016
"Census Tract 1303",3.23886639676113
"Census Tract 1401",4.5
"Census Tract 1402",4.37956204379562
"Census Tract 1403.01",1.8595041322314
"Census Tract 1403.02",4.17867435158501
"Census Tract 1404",2.45447347585115
"Census Tract 1405",3.7037037037037
"Census Tract 1406.01",3.48027842227378
"Census Tract 1406.02",4.60606060606061
"Census Tract 1407.01",5.98290598290598
"Census Tract 1407.02",4.94450050454087
"Census Tract 1408",5.9291395516992
"Census Tract 1502",3.36769759450172
"Census Tract 1503",2.46478873239437
"Census Tract 1504.01",2.71493212669683
"Census Tract 1504.02",2.46913580246914
"Census Tract 1505.01",1.78571428571429
"Census Tract 1505.02",1.78117048346056
"Census Tract 1506",3.47222222222222
"Census Tract 1507",2.84697508896797
"Census Tract 1508",2.12765957446809
"Census Tract 1510.01",2.18818380743982
"Census Tract 1510.02",2.3643949930459
"Census Tract 1511",2.0501138952164
"Census Tract 1512",3.2967032967033
"Census Tract 1601",4.04040404040404
"Census Tract 1602",3.48675034867503
"Census Tract 1603",6.02582496413199
"Census Tract 1604",4.48717948717949
"Census Tract 1605.01",3.36391437308869
"Census Tract 1605.02",4.02576489533011
"Census Tract 1606.01",4.40528634361233
"Census Tract 1606.02",5.41310541310541
"Census Tract 1607",3.45132743362832
"Census Tract 1608",3.61842105263158
"Census Tract 1609",4.89642184557439
"Census Tract 1610",2.25
"Census Tract 1611",3.64025695931478
"Census Tract 1612",2.09125475285171
"Census Tract 1613",4.41176470588235
"Census Tract 1701",1.0840108401084
"Census Tract 1702",1.1968085106383
"Census Tract 1703",1.17416829745597
"Census Tract 1704",2.21703617269545
"Census Tract 1705",1.34408602150538
"Census Tract 1706",0.551470588235294
"Census Tract 1707",1.16279069767442
"Census Tract 1708",1.42671854734112
"Census Tract 1709",1.53374233128834
"Census Tract 1710",1.37741046831956
"Census Tract 1711",2.39294710327456
"Census Tract 1801",2.1018593371059
"Census Tract 1901",2.49307479224377
"Census Tract 1902",1.46561443066516
"Census Tract 1903",2.28013029315961
"Census Tract 1904.01",1.61507402422611
"Census Tract 1904.02",2.01567749160134
"Census Tract 1906.01",1.52439024390244
"Census Tract 1906.02",2.02622169249106
"Census Tract 1907.01",1.11856823266219
"Census Tract 1907.02",1.8348623853211
"Census Tract 1908",2.56653992395437
"Census Tract 1909",1.98019801980198
"Census Tract 1910",0.515463917525773
"Census Tract 1911",2.21238938053097
"Census Tract 1912",2.21843003412969
"Census Tract 1913.01",1.6304347826087
"Census Tract 1913.02",1.49863760217984
"Census Tract 2001",3.125
"Census Tract 2002",2.08333333333333
"Census Tract 2003",2.60586319218241
"Census Tract 2004.01",2.30496453900709
"Census Tract 2004.02",1.90336749633968
"Census Tract 2101",3.60884749708964
"Census Tract 2104",4.02414486921529
"Census Tract 2105.01",3.69127516778523
"Census Tract 2105.02",1.51515151515152
"Census Tract 2106.01",2.09205020920502
"Census Tract 2106.02",4.04624277456647
"Census Tract 2107",3.00957592339261
"Census Tract 2108",0.518134715025907
"Census Tract 2109",3.68731563421829
"Census Tract 2203",5.16129032258065
"Census Tract 2204",5.38033395176252
"Census Tract 2205",4.12926391382406
"Census Tract 2206.01",6.12903225806452
"Census Tract 2206.02",5.47770700636943
"Census Tract 2207.01",4.18250950570342
"Census Tract 2207.02",5
"Census Tract 2209.01",4.75113122171946
"Census Tract 2209.02",3.68217054263566
"Census Tract 2210",5.58252427184466
"Census Tract 2211",4.59459459459459
"Census Tract 2212",6.16666666666667
"Census Tract 2213",2.82186948853616
"Census Tract 2214",3.7463976945245
"Census Tract 2215",2.5974025974026
"Census Tract 2216",4.03225806451613
"Census Tract 2222",3.6734693877551
"Census Tract 2225",1.82481751824818
"Census Tract 2226",6.99300699300699
"Census Tract 2227",4.21686746987952
"Census Tract 2228",6.79012345679012
"Census Tract 2229",5.58659217877095
"Census Tract 2301",7.30769230769231
"Census Tract 2302",4.26229508196721
"Census Tract 2303",3.7037037037037
"Census Tract 2304",3.51351351351351
"Census Tract 2305",2.85714285714286
"Census Tract 2306",3.34448160535117
"Census Tract 2307",3.56394129979036
"Census Tract 2308",2.59067357512953
"Census Tract 2309",4.6814044213264
"Census Tract 2311",4.89510489510489
"Census Tract 2312",3.02114803625378
"Census Tract 2315",5.27306967984934
"Census Tract 2402",4.20168067226891
"Census Tract 2403",4.23452768729642
"Census Tract 2405",4.81203007518797
"Census Tract 2406",4.39882697947214
"Census Tract 2407",2.87769784172662
"Census Tract 2408",3.38983050847458
"Census Tract 2409",7.52688172043011
"Census Tract 2410",6.09756097560976
"Census Tract 2411",3.13479623824451
"Census Tract 2412",4.91329479768786
"Census Tract 2413",2.05278592375367
"Census Tract 2414",2.77777777777778
"Census Tract 2415",2.40770465489567
"Census Tract 2416",3.43213728549142
"Census Tract 2420",2.98329355608592
"Census Tract 2421",3.41880341880342
"Census Tract 2422",3.20247933884298
"Census Tract 2423",3.7037037037037
"Census Tract 2424",3.10457516339869
"Census Tract 2425",3.38028169014085
"Census Tract 2426",4.42978322337418
"Census Tract 2427",3.78548895899054
"Census Tract 2428",2.05278592375367
"Census Tract 2429",4.09638554216868
"Census Tract 2430",2.51450676982592
"Census Tract 2431",3.37552742616034
"Census Tract 2432",4.66019417475728
"Census Tract 2433",5.04672897196262
"Census Tract 2434",4.31034482758621
"Census Tract 2435",3.96600566572238
"Census Tract 2502",1.48883374689826
"Census Tract 2503",2.13464696223317
"Census Tract 2504",1.57593123209169
"Census Tract 2505",2.65076209410205
"Census Tract 2506",3.4136546184739
"Census Tract 2507",2.16666666666667
"Census Tract 2508",1.78571428571429
"Census Tract 2510",7.01754385964912
"Census Tract 2511",2.78422273781903
"Census Tract 2512",1.40845070422535
"Census Tract 2513",2.75590551181102
"Census Tract 2514",2.37529691211401
"Census Tract 2515",2.72277227722772
"Census Tract 2516",0.869565217391304
"Census Tract 2517",2.77777777777778
"Census Tract 2518",2.72727272727273
"Census Tract 2519",5.11727078891258
"Census Tract 2520",3.90946502057613
"Census Tract 2521.01",4.13793103448276
"Census Tract 2521.02",3.35097001763668
"Census Tract 2522.01",1.61290322580645
"Census Tract 2522.02",2.36686390532544
"Census Tract 2601",0.840336134453782
"Census Tract 2602",3.2967032967033
"Census Tract 2603",4.16666666666667
"Census Tract 2604",3.2520325203252
"Census Tract 2605",0.645161290322581
"Census Tract 2606",6.2111801242236
"Census Tract 2607",2.41935483870968
"Census Tract 2608",2.67379679144385
"Census Tract 2609",5.40540540540541
"Census Tract 2610",2.05128205128205
"Census Tract 2705",0.884955752212389
"Census Tract 2712",9
"Census Tract 2713",4.05405405405405
"Census Tract 2714",3.6036036036036
"Census Tract 2715",1.68067226890756
"Census Tract 2718",2.7027027027027
"Census Tract 2801",3.51673284174702
"Census Tract 2804",6.25
"Census Tract 2808",7.79220779220779
"Census Tract 2809",5.37634408602151
"Census Tract 2819",4.43081117927744
"Census Tract 2827",3.28767123287671
"Census Tract 2828",6.58914728682171
"Census Tract 2831",2.76923076923077
"Census Tract 2832",1.76991150442478
"Census Tract 2838",4.76190476190476
"Census Tract 2909",5.11363636363636
"Census Tract 2912",5.55555555555556
"Census Tract 2916",4.41176470588235
"Census Tract 2922",4.81481481481481
"Census Tract 2924",5.94594594594595
"Census Tract 2925",3.04568527918782
"Census Tract 3005",1.6
"Census Tract 3006",2.61904761904762
"Census Tract 3007",1.96374622356495
"Census Tract 3008",1.49006622516556
"Census Tract 3009",2.67983074753173
"Census Tract 3011",0.318471337579618
"Census Tract 3012",2.77777777777778
"Census Tract 3016",0.833333333333333
"Census Tract 3017.01",1.21212121212121
"Census Tract 3017.02",1.28617363344051
"Census Tract 3018.01",0.617283950617284
"Census Tract 3018.02",2.5844930417495
"Census Tract 3018.03",1.30039011703511
"Census Tract 3102",5.94059405940594
"Census Tract 3103",3.96039603960396
"Census Tract 3104",2.99145299145299
"Census Tract 3105",4.16666666666667
"Census Tract 3106",5.25
"Census Tract 3107",3.75586854460094
"Census Tract 3108",2.94985250737463
"Census Tract 3109",2.76243093922652
"Census Tract 3201.01",4.24879544459045
"Census Tract 3201.02",6.76378772112383
"Census Tract 3204",5.33980582524272
"Census Tract 3206",5.00782472613459
"Census Tract 3301.01",3.52846832397755
"Census Tract 3301.02",5.11890366787586
"Census Tract 3301.03",5.198973042362
"Census Tract 3302",2.85374554102259
"Census Tract 3403",0.87719298245614
"Census Tract 3404",1.24610591900312
"Census Tract 3405",2.61627906976744
"Census Tract 3406",4.08163265306122
"Census Tract 3501",4.36681222707424
"Census Tract 3504",1.49253731343284
"Census Tract 3510",4.82573726541555
"Census Tract 3511",2.06185567010309
"Census Tract 3514",1.17647058823529
"Census Tract 3515",5.33333333333333
"Census Tract 3602",3.84615384615385
"Census Tract 3801",3.80952380952381
"Census Tract 3802",5.64102564102564
"Census Tract 3806",3.98773006134969
"Census Tract 3812",5
"Census Tract 3814",3.33333333333333
"Census Tract 3815",10.8695652173913
"Census Tract 3817",NA
"Census Tract 3818",6
"Census Tract 3819",6.66666666666667
"Census Tract 3901",9.77777777777778
"Census Tract 3902",5.99250936329588
"Census Tract 3903",3.28638497652582
"Census Tract 3904",4.52830188679245
"Census Tract 3905",7.3943661971831
"Census Tract 3906",0.568181818181818
"Census Tract 3907",4.33734939759036
"Census Tract 4003",8.69565217391304
"Census Tract 4004",3.35570469798658
"Census Tract 4005",2.33644859813084
"Census Tract 4008",1.38248847926267
"Census Tract 4101",5.88235294117647
"Census Tract 4102",4.24242424242424
"Census Tract 4105",3.65168539325843
"Census Tract 4106",5
"Census Tract 4107",4.6195652173913
"Census Tract 4108",2.77136258660508
"Census Tract 4109",4.16666666666667
"Census Tract 4110",4.54545454545455
"Census Tract 4111",2.9126213592233
"Census Tract 4112",3.57142857142857
"Census Tract 4201",9.1743119266055
"Census Tract 4202",2.15827338129496
"Census Tract 4203",3.91061452513966
"Census Tract 4204",8.7719298245614
"Census Tract 4205",3.62694300518135
"Census Tract 4206",5.23560209424084
"Census Tract 4207",6.27615062761506
"Census Tract 4208",8.16326530612245
"Census Tract 4212",8.41121495327103
"Census Tract 4301.01",6.53950953678474
"Census Tract 4301.02",7.08661417322835
"Census Tract 4302",4.65587044534413
"Census Tract 4303",4.08163265306122
"Census Tract 4304",3.37552742616034
"Census Tract 4305",4.12698412698413
"Census Tract 4306",6.34920634920635
"Census Tract 4307",5.12820512820513
"Census Tract 4308",3.93013100436681
"Census Tract 4309",5.68181818181818
"Census Tract 4312",6.79012345679012
"Census Tract 4313.01",5.97014925373134
"Census Tract 4313.02",7.69230769230769
"Census Tract 4314",2.63620386643234
"Census Tract 4401.01",6.68449197860963
"Census Tract 4401.02",5.8659217877095
"Census Tract 4402.01",3.31858407079646
"Census Tract 4402.02",2.9673590504451
"Census Tract 4403",1.34228187919463
"Census Tract 4406",1.93798449612403
"Census Tract 4407",3.18471337579618
"Census Tract 4408",6
"Census Tract 4409",5.75221238938053
"Census Tract 4503",2.61780104712042
"Census Tract 4601",6.22950819672131
"Census Tract 4602",1.80995475113122
"Census Tract 4603.01",3.6036036036036
"Census Tract 4603.02",2.58620689655172
"Census Tract 4604",3.08988764044944
"Census Tract 4605",2.08695652173913
"Census Tract 4608",0.867052023121387
"Census Tract 4610",5.55555555555556
"Census Tract 4701",1.54440154440154
"Census Tract 4801",1.60642570281124
"Census Tract 4802",0.87719298245614
"Census Tract 4803",3.79746835443038
"Census Tract 4804",1.54639175257732
"Census Tract 4805",1.92837465564738
"Census Tract 4902",1.69971671388102
"Census Tract 4905",2.47524752475248
"Census Tract 4906",1.69491525423729
"Census Tract 4907",2.24719101123596
"Census Tract 4908",2.68817204301075
"Census Tract 4909.01",2.8328611898017
"Census Tract 4909.02",1.38067061143984
"Census Tract 4910",2.22222222222222
"Census Tract 4911",1.64609053497942
"Census Tract 4912",2.20264317180617
"Census Tract 4913",3.68098159509202
"Census Tract 4914",0.847457627118644
"Census Tract 5001",2.42587601078167
"Census Tract 5002",4.41176470588235
"Census Tract 5003",2.51046025104602
"Census Tract 5101",2.38568588469185
"Census Tract 5102",0.833333333333333
"Census Tract 5103",2.24719101123596
"Census Tract 5201",0.36231884057971
"Census Tract 5202",4.02542372881356
"Census Tract 5203",0.843881856540084
"Census Tract 5204",1.24804992199688
"Census Tract 5205",0.98159509202454
"Census Tract 5206",1.75438596491228
"Census Tract 5301",1.67364016736402
"Census Tract 5302",2.97029702970297
"Census Tract 5303",2.12765957446809
"Census Tract 5304",0
"Census Tract 5305.01",1.17924528301887
"Census Tract 5305.02",3.62694300518135
"Census Tract 5305.03",2.0109689213894
"Census Tract 5306",1.99203187250996
"Census Tract 5401.01",2.69058295964126
"Census Tract 5401.02",2.0979020979021
"Census Tract 5501",0.750625521267723
"Census Tract 5502",0.355871886120996
"Census Tract 5601",2.76243093922652
"Census Tract 5602",1.47783251231527
"Census Tract 5603",1.04529616724739
"Census Tract 5604",1.32890365448505
"Census Tract 5607",1.83028286189684
"Census Tract 5608",0.827966881324747
"Census Tract 5609",1.27388535031847
"Census Tract 5610",1.32275132275132
"Census Tract 5611",1.29533678756477
"Census Tract 5701",1.4218009478673
"Census Tract 5702",1.0958904109589
"Census Tract 5703",2.22007722007722
"Census Tract 5704",1.09090909090909
"Census Tract 5705",1.38568129330254
"Census Tract 5801",1.66666666666667
"Census Tract 5802",1.73076923076923
"Census Tract 5803",0.763358778625954
"Census Tract 5804",1.27877237851662
"Census Tract 5805.01",1.94410692588092
"Census Tract 5805.02",1.71037628278221
"Census Tract 5806",1.3126491646778
"Census Tract 5807",0.858369098712446
"Census Tract 5808",3.11526479750779
"Census Tract 5905",0.857142857142857
"Census Tract 5906",2.04778156996587
"Census Tract 5907",1.50375939849624
"Census Tract 6004",1.31752305665349
"Census Tract 6006",2.33009708737864
"Census Tract 6007",1.40562248995984
"Census Tract 6009",3.25077399380805
"Census Tract 6103",2.83950617283951
"Census Tract 6104",2.34113712374582
"Census Tract 6108",1.49812734082397
"Census Tract 6112",1.17302052785924
"Census Tract 6113",1.42276422764228
"Census Tract 6114",2.58780036968577
"Census Tract 6115",0.795228628230616
"Census Tract 6116",3.13725490196078
"Census Tract 6117",0.813008130081301
"Census Tract 6118",1.92307692307692
"Census Tract 6119",3.01507537688442
"Census Tract 6120",2.87769784172662
"Census Tract 6121",0
"Census Tract 6122",2.9940119760479
"Census Tract 6201",2.01072386058981
"Census Tract 6202",1.77215189873418
"Census Tract 6203",0.760456273764259
"Census Tract 6204",0.589622641509434
"Census Tract 6303",1.29366106080207
"Census Tract 6304",0.896057347670251
"Census Tract 6305",0.8859357696567
"Census Tract 6306",1.84049079754601
"Census Tract 6308",1.34575569358178
"Census Tract 6309",1.84210526315789
"Census Tract 6401",2.3696682464455
"Census Tract 6403",1.37651821862348
"Census Tract 6404",1.69491525423729
"Census Tract 6405",0.696378830083565
"Census Tract 6406",1.32743362831858
"Census Tract 6407",2.31788079470199
"Census Tract 6408",0.33112582781457
"Census Tract 6501",1.85185185185185
"Census Tract 6502",1.2531328320802
"Census Tract 6503.01",0.910931174089069
"Census Tract 6503.02",0.855920114122682
"Census Tract 6504",1.0064043915828
"Census Tract 6505",1.29124820659971
"Census Tract 6603.01",0.485436893203884
"Census Tract 6603.02",0.810810810810811
"Census Tract 6604",0.930232558139535
"Census Tract 6605",0.954979536152797
"Census Tract 6606",2.0671834625323
"Census Tract 6607",3.86473429951691
"Census Tract 6608",1.39771283354511
"Census Tract 6609",2.6431718061674
"Census Tract 6610",1.47710487444609
"Census Tract 6611",1.32743362831858
"Census Tract 6701",4.46428571428571
"Census Tract 6702",2.10526315789474
"Census Tract 6703",0.78740157480315
"Census Tract 6704",5.66037735849057
"Census Tract 6705",0
"Census Tract 6706",4.34782608695652
"Census Tract 6707",1.01010101010101
"Census Tract 6708",4.03225806451613
"Census Tract 6709",3.96039603960396
"Census Tract 6711",5.40540540540541
"Census Tract 6712",3.15789473684211
"Census Tract 6713",4.16666666666667
"Census Tract 6714",0
"Census Tract 6715",2.38095238095238
"Census Tract 6716",1.32450331125828
"Census Tract 6718",1.05263157894737
"Census Tract 6719",4.71698113207547
"Census Tract 6720",2.59365994236311
"Census Tract 6805",2.83018867924528
"Census Tract 6806",3.06122448979592
"Census Tract 6809",3.83141762452107
"Census Tract 6810",4.56852791878173
"Census Tract 6811",5.38116591928251
"Census Tract 6812",2.46913580246914
"Census Tract 6813",1.68539325842697
"Census Tract 6814",3.72093023255814
"Census Tract 6903",6.10687022900763
"Census Tract 6904",3.91459074733096
"Census Tract 6905",6.75675675675676
"Census Tract 6909",2.36686390532544
"Census Tract 6910",6.08974358974359
"Census Tract 6911",3.90625
"Census Tract 6912",1.06951871657754
"Census Tract 6913",1.74825174825175
"Census Tract 6914",5.26315789473684
"Census Tract 6915",3.63636363636364
"Census Tract 7001",1.62271805273834
"Census Tract 7002",1.25786163522013
"Census Tract 7003.01",1.29482071713147
"Census Tract 7003.02",1.14613180515759
"Census Tract 7004.01",0.768386388583974
"Census Tract 7004.02",1.85471406491499
"Census Tract 7005.01",0.606060606060606
"Census Tract 7005.02",0.89086859688196
"Census Tract 7101",4.22535211267606
"Census Tract 7102",1.17994100294985
"Census Tract 7103",2.17391304347826
"Census Tract 7104",2.53623188405797
"Census Tract 7105",1.71990171990172
"Census Tract 7106",2.5974025974026
"Census Tract 7107",1.71821305841924
"Census Tract 7108",3.58851674641148
"Census Tract 7109",1.91082802547771
"Census Tract 7110",3.10077519379845
"Census Tract 7111",1.11524163568773
"Census Tract 7112",2.0109689213894
"Census Tract 7113",1.86335403726708
"Census Tract 7114",1.76991150442478
"Census Tract 7115",1.03626943005181
"Census Tract 7201",1.625
"Census Tract 7202",0.536912751677852
"Census Tract 7203",0.922722029988466
"Census Tract 7204",0.239234449760766
"Census Tract 7205",0.423728813559322
"Census Tract 7206",0.943396226415094
"Census Tract 7207",0.784313725490196
"Census Tract 7301",1.8450184501845
"Census Tract 7302.01",2.59515570934256
"Census Tract 7302.02",2.53623188405797
"Census Tract 7303",3.7037037037037
"Census Tract 7304",1.51133501259446
"Census Tract 7305",0.952380952380952
"Census Tract 7306",1.92837465564738
"Census Tract 7307",3.2967032967033
"Census Tract 7401",1.00864553314121
"Census Tract 7402",0.159616919393456
"Census Tract 7403",0.185873605947955
"Census Tract 7404",1.25786163522013
"Census Tract 7501",2.71604938271605
"Census Tract 7502",2.2140221402214
"Census Tract 7503",0.37243947858473
"Census Tract 7504",0.692041522491349
"Census Tract 7505",1.26939351198872
"Census Tract 7506",3.48837209302326
"Census Tract 7608.01",0.436205016357688
"Census Tract 7608.02",0.761904761904762
"Census Tract 7608.03",1.86480186480186
"Census Tract 7702.01",2.33494363929147
"Census Tract 7702.02",1.33444537114262
"Census Tract 7703",1.28048780487805
"Census Tract 7704",0.964630225080386
"Census Tract 7705",1.64765525982256
"Census Tract 7706.01",0.422535211267606
"Census Tract 7706.02",0.332594235033259
"Census Tract 7707",0.194174757281553
"Census Tract 7708",1.43240823634736
"Census Tract 7709.01",0.52128583840139
"Census Tract 7709.02",0.734394124847001
"Census Tract 8001",0.46656298600311
"Census Tract 8002",0.235155790711346
"Census Tract 8003",0.111856823266219
"Census Tract 8004",0.303030303030303
"Census Tract 8005",0.239808153477218
"Census Tract 8006",0.338983050847458
"Census Tract 8007",0.611620795107034
"Census Tract 8008",0.909090909090909
"Census Tract 8009",0.717488789237668
"Census Tract 8010",0.635930047694754
"Census Tract 8011",0.495867768595041
"Census Tract 8012",0.644468313641246
"Census Tract 8013",0.84348641049672
"Census Tract 8014",0.636942675159236
"Census Tract 8015",0.517464424320828
"Census Tract 8016.01",0.335852225020991
"Census Tract 8016.03",0.784313725490196
"Census Tract 8016.05",0.326583932070542
"Census Tract 8016.06",0.390843104410944
"Census Tract 8016.07",0.22189349112426
"Census Tract 8016.08",0.323450134770889
"Census Tract 8017.01",0
"Census Tract 8017.02",0.170357751277683
"Census Tract 8018",0.5273566249176
"Census Tract 8019.01",0.993676603432701
"Census Tract 8019.02",0.810185185185185
"Census Tract 8020.02",0.65093572009764
"Census Tract 8020.03",0.309597523219814
"Census Tract 8020.04",0.510204081632653
"Census Tract 8021",0.220507166482911
"Census Tract 8022",0.596252129471891
"Census Tract 8023",0.571428571428571
"Census Tract 8024.02",1.6496465043205
"Census Tract 8024.03",1.45772594752187
"Census Tract 8024.04",1.13234253361642
"Census Tract 8025.03",1.30548302872063
"Census Tract 8025.04",0.800582241630277
"Census Tract 8025.05",1.44927536231884
"Census Tract 8025.06",1.54525386313466
"Census Tract 8026.05",0.759631036353771
"Census Tract 8026.07",0.51413881748072
"Census Tract 8026.08",0.440251572327044
"Census Tract 8026.09",1.19904076738609
"Census Tract 8026.10",0.898876404494382
"Census Tract 8027.01",0.579150579150579
"Census Tract 8027.02",0.263852242744063
"Census Tract 8028.01",0.644122383252818
"Census Tract 8028.02",0.479616306954436
"Census Tract 8029",0.74673304293715
"Census Tract 8030.05",0.305343511450382
"Census Tract 8030.07",0.575125808770669
"Census Tract 8030.08",0.0799360511590727
"Census Tract 8030.10",0.521221146686523
"Census Tract 8030.12",0.763358778625954
"Census Tract 8030.13",0.541795665634675
"Census Tract 8030.14",0.483675937122128
"Census Tract 8030.15",1.01095197978096
"Census Tract 8030.16",0.462249614791988
"Census Tract 8030.17",1.12285336856011
"Census Tract 8031",0.54525627044711
"Census Tract 8032",0.732302685109845
"Census Tract 8033",1.61030595813205
"Census Tract 8034",0.668286755771567
"Census Tract 8035",0.352360817477097
"Census Tract 8036.03",0.375536480686695
"Census Tract 8036.04",0.840336134453782
"Census Tract 8036.05",0.527859237536657
"Census Tract 8036.07",0.687547746371276
"Census Tract 8036.08",0.953984287317621
"Census Tract 8036.11",1.40712945590994
"Census Tract 8036.12",1.29496402877698
"Census Tract 8036.13",0.825082508250825
"Census Tract 8036.14",1.16883116883117
"Census Tract 8036.15",0.794912559618442
"Census Tract 8036.16",1.74081237911025
"Census Tract 8037.01",2.13114754098361
"Census Tract 8037.02",1.50622134905043
"Census Tract 8038",0.359066427289048
"Census Tract 8039.01",0.361881785283474
"Census Tract 8039.02",0
"Census Tract 8040",1.43112701252236
"Census Tract 8041.02",0.514668039114771
"Census Tract 8041.04",0.473186119873817
"Census Tract 8041.05",0.343347639484979
"Census Tract 8041.06",0.715859030837004
"Census Tract 8041.08",1.57016683022571
"Census Tract 8041.09",1.0738255033557
"Census Tract 8042.02",0.869985500241663
"Census Tract 8042.03",0.645855758880517
"Census Tract 8042.04",1.04712041884817
"Census Tract 8043.05",1.11966410076977
"Census Tract 8043.06",1.76744186046512
"Census Tract 8043.08",1.54639175257732
"Census Tract 8043.09",0.805152979066023
"Census Tract 8043.12",1.24333925399645
"Census Tract 8043.13",0.947867298578199
"Census Tract 8043.14",0.757575757575758
"Census Tract 8043.15",1.27272727272727
"Census Tract 8043.16",0.74487895716946
"Census Tract 8044.03",2.1249195106246
"Census Tract 8044.04",1.2218045112782
"Census Tract 8044.05",1.11287758346582
"Census Tract 8044.06",1.07438016528926
"Census Tract 8045.05",1.10024449877751
"Census Tract 8045.06",0.772797527047913
"Census Tract 8045.08",0.985221674876847
"Census Tract 8045.09",1.94805194805195
"Census Tract 8045.10",0.894632206759443
"Census Tract 8045.11",1.86915887850467
"Census Tract 8045.12",1.68421052631579
"Census Tract 8045.13",0.485908649173955
"Census Tract 8045.14",0.483091787439614
"Census Tract 8046.03",2.42311276794035
"Census Tract 8046.06",0.564015792442188
"Census Tract 8046.07",0.346220427005193
"Census Tract 8046.08",0.99009900990099
"Census Tract 8046.09",0.676132521974307
"Census Tract 8046.10",0.396825396825397
"Census Tract 8046.11",0.899280575539568
"Census Tract 8047.01",0.529100529100529
"Census Tract 8047.05",1.63551401869159
"Census Tract 8047.06",0.487012987012987
"Census Tract 8047.09",1.89125295508274
"Census Tract 8047.10",0.779727095516569
"Census Tract 8047.11",1.19949494949495
"Census Tract 8047.12",0.968703427719821
"Census Tract 8047.13",0.921273031825796
"Census Tract 8047.14",1.09489051094891
"Census Tract 8047.15",1.29659643435981
"Census Tract 8047.16",0.572363041700736
"Census Tract 8048.03",0.974512743628186
"Census Tract 8048.04",1.64383561643836
"Census Tract 8048.05",0.966494845360825
"Census Tract 8048.06",1.05263157894737
"Census Tract 8048.07",0.685518423307626
"Census Tract 8048.08",0.147058823529412
"Census Tract 8048.09",0.366300366300366
"Census Tract 8048.10",0.882167611846251
"Census Tract 8049.01",0.656716417910448
"Census Tract 8049.02",0.506879073135409
"Census Tract 8050.01",0.701480904130943
"Census Tract 8050.02",1.13408939292862
"Census Tract 8051.05",1.48478099480327
"Census Tract 8051.06",1.50375939849624
"Census Tract 8051.07",2.1209740769835
"Census Tract 8051.08",1.73716012084592
"Census Tract 8051.09",0.894454382826476
"Census Tract 8051.10",0.783545543584721
"Census Tract 8051.11",1.54639175257732
"Census Tract 8051.12",0.408719346049046
"Census Tract 8052.01",0.731707317073171
"Census Tract 8052.02",0.551267916207277
"Census Tract 8053.01",1.26262626262626
"Census Tract 8053.02",0.659340659340659
"Census Tract 8054.01",0.550660792951542
"Census Tract 8054.02",0.323362974939369
"Census Tract 8055.01",0.34965034965035
"Census Tract 8055.02",0.377714825306893
"Census Tract 8056",0.657894736842105
"Census Tract 8057.01",0.619674670797831
"Census Tract 8057.02",0.403225806451613
"Census Tract 8058.01",0.789889415481833
"Census Tract 8058.02",0.753768844221106
"Census Tract 8059.01",0.740740740740741
"Census Tract 8059.02",0.543847722637661
"Census Tract 8060.01",1.6597510373444
"Census Tract 8060.02",0.791034937376401
"Census Tract 8060.04",1.04968509447166
"Census Tract 8060.05",1.59235668789809
"Census Tract 8060.06",0.662983425414365
"Census Tract 8061.02",1.38476755687438
"Census Tract 8061.03",0.788643533123028
"Census Tract 8061.04",2.45231607629428
"Census Tract 8062.01",1.91725529767911
"Census Tract 8062.02",1.78217821782178
"Census Tract 8063",0.643974241030359
"Census Tract 8064",1.42348754448399
"Census Tract 8065.01",1.25523012552301
"Census Tract 8065.02",1.51338766006985
"Census Tract 8066",0.97799511002445
"Census Tract 8067",1.81159420289855
"Census Tract 8068.01",1.19904076738609
"Census Tract 8068.02",0.847457627118644
"Census Tract 8069",1.0919017288444
"Census Tract 8070",0.728597449908925
"Census Tract 8071",1.90880169671262
"Census Tract 8072",1.30869899923018
"Census Tract 8073",1.46217418944692
"Census Tract 8074",1.89090909090909
"Census Tract 8075",1.5130674002751
"Census Tract 8076",1.00791936645068
"Census Tract 8077",0.990916597853014
"Census Tract 8078",0.797448165869219
"Census Tract 8079",1.42276422764228
"Census Tract 8080.01",1.02739726027397
"Census Tract 8080.02",0.970873786407767
"Census Tract 8081",1.83206106870229
"Census Tract 8082",0.745650372825186
"Census Tract 8083.01",1.73611111111111
"Census Tract 8083.02",0.639658848614073
"Census Tract 8084",0.463821892393321
"Census Tract 8085",0.587084148727984
"Census Tract 8086",0.672268907563025
"Census Tract 8087.02",4.24242424242424
"Census Tract 8088",2.71444082519001
"Census Tract 8089",2.3719165085389
"Census Tract 8090",0.977198697068404
"Census Tract 8091",2.35148514851485
"Census Tract 8092",3.37423312883436
"Census Tract 8093",1.58227848101266
"Census Tract 8094.01",2.93542074363992
"Census Tract 8094.02",3.66795366795367
"Census Tract 8095",4.50771055753262
"Census Tract 8096",3.37078651685393
"Census Tract 8097",3.36473755047106
"Census Tract 8098",3.67504835589942
"Census Tract 8099",3.67751060820368
"Census Tract 8100",5.10046367851623
"Census Tract 8101",4.13573700954401
"Census Tract 8102",2.98076923076923
"Census Tract 8103.01",3.48387096774194
"Census Tract 8103.02",4.56490727532097
"Census Tract 8104",1.49700598802395
"Census Tract 8105.01",0.362647325475975
"Census Tract 8105.02",0.464684014869888
"Census Tract 8106",1.63432073544433
"Census Tract 8107.01",1.11607142857143
"Census Tract 8107.02",1.73160173160173
"Census Tract 8108",0.841121495327103
"Census Tract 8109",0.985221674876847
"Census Tract 8110",1.3986013986014
"Census Tract 8111",0.894187779433681
"Census Tract 8112",0.531443755535872
"Census Tract 8113.01",0.928074245939675
"Census Tract 8113.02",0.826446280991736
"Census Tract 8114.01",1.3347022587269
"Census Tract 8114.02",0.446927374301676
"Census Tract 8115",0.48780487804878
"Census Tract 8116",1.52733118971061
"Census Tract 8117.01",0.309119010819165
"Census Tract 8117.02",1.59045725646123
"Census Tract 8118",0.955414012738854
"Census Tract 8119",0.497100248550124
"Census Tract 8120",1.06141015921152
"Census Tract 8121",3.43839541547278
"Census Tract 8122",1.56709108716944
"Census Tract 8123.01",4.296875
"Census Tract 8123.02",2.56410256410256
"Census Tract 8124",1.9845644983462
"Census Tract 8125",4.02219140083218
"Census Tract 8126",4.67032967032967
"Census Tract 8127",4.72972972972973
"Census Tract 8128.01",4.7244094488189
"Census Tract 8128.02",3.05010893246187
"Census Tract 8129",2.78551532033426
"Census Tract 8130",3.00230946882217
"Census Tract 8131",4.37566702241195
"Census Tract 8132",1.47637795275591
"Census Tract 8133.01",2.24719101123596
"Census Tract 8133.02",1.68350168350168
"Census Tract 8134",1.41313383208645
"Census Tract 8135",1.66340508806262
"Census Tract 8136",1.72413793103448
"Census Tract 8137.01",2.52707581227437
"Census Tract 8137.02",2.39880059970015
"Census Tract 8138.01",0.468384074941452
"Census Tract 8138.02",1.43603133159269
"Census Tract 8139",1.5015015015015
"Census Tract 8140",2.21642764015645
"Census Tract 8141",0.816326530612245
"Census Tract 8142",1.6057091882248
"Census Tract 8143",1.85922974767596
"Census Tract 8144",1.07991360691145
"Census Tract 8145",1.01123595505618
"Census Tract 8146",1.96687370600414
"Census Tract 8147",1.66666666666667
"Census Tract 8148",3.32480818414322
"Census Tract 8149",2.6369168356998
"Census Tract 8150",3.125
"Census Tract 8151",1.74418604651163
"Census Tract 8152",3.00324675324675
"Census Tract 8153",1.78571428571429
"Census Tract 8154",3.23501427212179
"Census Tract 8155",1.67958656330749
"Census Tract 8156",1.36487716105551
"Census Tract 8157.01",1.2770137524558
"Census Tract 8157.02",1.33444537114262
"Census Tract 8158",0.864553314121037
"Census Tract 8159",3.74193548387097
"Census Tract 8160",5.6379821958457
"Census Tract 8161",3.739982190561
"Census Tract 8162",1.75
"Census Tract 8163",1.0126582278481
"Census Tract 8164.01",1.78326474622771
"Census Tract 8164.02",1.15440115440115
"Census Tract 8165",0.571428571428571
"Census Tract 8166",1.22783083219645
"Census Tract 8167",1.76991150442478
"Census Tract 8168",1.98216055500496
"Census Tract 8169",1.30718954248366
"Census Tract 8170",1.00125156445557
"Census Tract 8171.01",0.517241379310345
"Census Tract 8171.02",0.421940928270042
"Census Tract 8172",2.86225402504472
"Census Tract 8173",2.13414634146341
"Census Tract 8174",1.70648464163823
"Census Tract 8175",2.43362831858407
"Census Tract 8176",2.53164556962025
"Census Tract 8177",1.33928571428571
"Census Tract 8179",1.21212121212121
"Census Tract 8180",1.27388535031847
"Census Tract 8181",1.87265917602996
"Census Tract 8182",2.39282153539382
"Census Tract 8183",1.00908173562059
"Census Tract 8184.01",0.843881856540084
"Census Tract 8184.02",2.02020202020202
"Census Tract 8185",2.04678362573099
"Census Tract 8186",0.5420054200542
"Census Tract 8187",0.700934579439252
"Census Tract 8188",0.847457627118644
"Census Tract 8189",1.48571428571429
"Census Tract 8190",0.179694519317161
"Census Tract 8191",1.98757763975155
"Census Tract 8192",2.43682310469314
"Census Tract 8193",1.30718954248366
"Census Tract 8194",1.22270742358079
"Census Tract 8195",1.21396054628225
"Census Tract 8196",0.0992063492063492
"Census Tract 8197",0.332446808510638
"Census Tract 8198.01",0.150489089541008
"Census Tract 8198.02",0.145560407569141
"Census Tract 8199",0
"Census Tract 8200",0.190839694656489
"Census Tract 8201.01",0.217864923747277
"Census Tract 8201.03",0.776914539400666
"Census Tract 8201.04",0.643086816720257
"Census Tract 8202.02",2.05696202531646
"Census Tract 8202.03",0.382409177820268
"Census Tract 8202.04",1.05769230769231
"Census Tract 8203",1.13519091847265
"Census Tract 8204",2.10035005834306
"Census Tract 8205.01",0.483870967741935
"Census Tract 8205.02",0.641711229946524
"Census Tract 8206.03",2.00573065902579
"Census Tract 8206.04",1
"Census Tract 8206.05",0.914634146341463
"Census Tract 8206.06",1.51338766006985
"Census Tract 8207",1.46945088940449
"Census Tract 8208",1.77993527508091
"Census Tract 8209.01",0.728597449908925
"Census Tract 8209.02",0.542299349240781
"Census Tract 8210.01",0.585365853658537
"Census Tract 8210.02",0.175901495162709
"Census Tract 8211.01",1.39935414424112
"Census Tract 8211.02",0.625782227784731
"Census Tract 8212",1.10650069156293
"Census Tract 8213",1.58940397350993
"Census Tract 8214.01",1.46627565982405
"Census Tract 8214.02",0.943396226415094
"Census Tract 8215",2.56410256410256
"Census Tract 8216",1.99004975124378
"Census Tract 8217",1.19402985074627
"Census Tract 8218",1.03871576959396
"Census Tract 8219",0.698602794411178
"Census Tract 8220",1.4030612244898
"Census Tract 8221.01",0.520291363163371
"Census Tract 8221.02",1.28700128700129
"Census Tract 8222",0.503778337531486
"Census Tract 8223.01",0.368550368550369
"Census Tract 8223.02",0.840336134453782
"Census Tract 8224",0.870942201108472
"Census Tract 8225",1.08225108225108
"Census Tract 8226.01",0.384615384615385
"Census Tract 8226.02",0.280898876404494
"Census Tract 8227.01",1.41570141570142
"Census Tract 8227.02",0.535475234270415
"Census Tract 8228.01",0.157232704402516
"Census Tract 8228.02",0.380710659898477
"Census Tract 8229",0.945626477541371
"Census Tract 8230.01",1.17647058823529
"Census Tract 8230.02",0.421940928270042
"Census Tract 8231.01",1.70648464163823
"Census Tract 8231.02",1.10192837465565
"Census Tract 8232",0.201612903225806
"Census Tract 8233.02",0.955414012738854
"Census Tract 8233.03",1.84119677790564
"Census Tract 8233.04",0.770712909441233
"Census Tract 8234",1.81582360570687
"Census Tract 8235",1.57593123209169
"Census Tract 8236.02",0.894308943089431
"Census Tract 8236.03",1.96078431372549
"Census Tract 8236.04",0.320855614973262
"Census Tract 8236.05",1.02880658436214
"Census Tract 8237.02",1.50478796169631
"Census Tract 8237.03",1.09356014580802
"Census Tract 8237.04",0.843881856540084
"Census Tract 8237.05",0.314465408805031
"Census Tract 8238.01",0.70323488045007
"Census Tract 8238.03",0.589005235602094
"Census Tract 8238.05",1.3136288998358
"Census Tract 8238.06",1.12201963534362
"Census Tract 8239.01",1.66666666666667
"Census Tract 8239.03",0.863557858376511
"Census Tract 8239.04",1.14942528735632
"Census Tract 8240.03",0.377121307353866
"Census Tract 8240.04",0.588730025231287
"Census Tract 8240.05",0.339673913043478
"Census Tract 8240.06",0.374531835205993
"Census Tract 8241.05",0.577700751010976
"Census Tract 8241.06",0.477326968973747
"Census Tract 8241.07",0.452196382428941
"Census Tract 8241.13",0.370828182941904
"Census Tract 8241.14",0.308166409861325
"Census Tract 8241.15",0.734394124847001
"Census Tract 8241.16",1.85528756957328
"Census Tract 8241.19",0.505050505050505
"Census Tract 8241.21",0.918635170603675
"Census Tract 8241.22",0.254452926208651
"Census Tract 8241.23",0.463768115942029
"Census Tract 8241.24",0.558659217877095
"Census Tract 8241.25",0.740740740740741
"Census Tract 8241.26",0.269541778975741
"Census Tract 8241.27",0.418410041841004
"Census Tract 8241.28",0.346620450606586
"Census Tract 8241.29",0.961538461538462
"Census Tract 8243",1.36363636363636
"Census Tract 8244",2.3972602739726
"Census Tract 8245.03",0.79155672823219
"Census Tract 8245.05",0.695410292072323
"Census Tract 8245.07",0.891861761426979
"Census Tract 8245.08",0.260416666666667
"Census Tract 8245.09",1.02880658436214
"Census Tract 8246.01",0.526315789473684
"Census Tract 8246.02",1.15830115830116
"Census Tract 8247.01",0.998573466476462
"Census Tract 8247.02",1.72239108409321
"Census Tract 8248",1.34228187919463
"Census Tract 8249",1.03092783505155
"Census Tract 8250",1.8018018018018
"Census Tract 8252",0
"Census Tract 8253.02",0.61633281972265
"Census Tract 8253.03",1.13924050632911
"Census Tract 8253.04",0.804597701149425
"Census Tract 8254",0.622222222222222
"Census Tract 8255.01",1.7910447761194
"Census Tract 8255.03",0.810536980749747
"Census Tract 8255.04",2.63736263736264
"Census Tract 8255.05",0.752823086574655
"Census Tract 8256",1.86625194401244
"Census Tract 8257",1.66358595194085
"Census Tract 8258.01",3.79746835443038
"Census Tract 8258.02",0.72992700729927
"Census Tract 8258.03",0.953678474114441
"Census Tract 8259",0.218818380743982
"Census Tract 8260",1.21212121212121
"Census Tract 8261",1.82926829268293
"Census Tract 8262.01",1.0498687664042
"Census Tract 8262.02",1.55642023346304
"Census Tract 8263.01",0.959692898272553
"Census Tract 8263.03",0.171232876712329
"Census Tract 8263.04",0.583090379008746
"Census Tract 8264.01",2.85087719298246
"Census Tract 8264.02",3.23076923076923
"Census Tract 8265",0.906344410876133
"Census Tract 8266",1.9723865877712
"Census Tract 8267",2.09125475285171
"Census Tract 8268",2.06677265500795
"Census Tract 8269.01",2.18978102189781
"Census Tract 8269.02",2.75862068965517
"Census Tract 8270",1.21951219512195
"Census Tract 8271",2.11864406779661
"Census Tract 8272",0.626304801670146
"Census Tract 8273",2.37154150197628
"Census Tract 8274",3.67892976588629
"Census Tract 8275",1.45867098865478
"Census Tract 8276",3.886925795053
"Census Tract 8277",1.18577075098814
"Census Tract 8278.01",0.451127819548872
"Census Tract 8278.02",0.943396226415094
"Census Tract 8278.04",1.34357005758157
"Census Tract 8278.05",0.198412698412698
"Census Tract 8279.01",0.634249471458774
"Census Tract 8279.02",0.713266761768902
"Census Tract 8280",0.4739336492891
"Census Tract 8281",1.46067415730337
"Census Tract 8282.01",1.11888111888112
"Census Tract 8282.02",1.05960264900662
"Census Tract 8283",3.04054054054054
"Census Tract 8284.01",1.32743362831858
"Census Tract 8284.02",0.671140939597315
"Census Tract 8285.03",1.11731843575419
"Census Tract 8285.04",0.94722598105548
"Census Tract 8285.05",0.895522388059702
"Census Tract 8285.07",0.968188105117566
"Census Tract 8285.08",1.10410094637224
"Census Tract 8286.01",1.00671140939597
"Census Tract 8286.02",1.13765642775882
"Census Tract 8287.01",1.26811594202899
"Census Tract 8287.02",0.550206327372765
"Census Tract 8288.01",1.58415841584158
"Census Tract 8288.02",0.982318271119843
"Census Tract 8289",1.6597510373444
"Census Tract 8290",0
"Census Tract 8291",1.0482180293501
"Census Tract 8292",2.1608643457383
"Census Tract 8293.01",0.710227272727273
"Census Tract 8293.02",2.10526315789474
"Census Tract 8294.01",3.80952380952381
"Census Tract 8294.02",2.63157894736842
"Census Tract 8295",1.5647226173542
"Census Tract 8296",0.856164383561644
"Census Tract 8297",1.82186234817814
"Census Tract 8298",1.40548137737175
"Census Tract 8299.02",1.05769230769231
"Census Tract 8299.03",1.8957345971564
"Census Tract 8299.04",1.89798339264531
"Census Tract 8300.01",0.689655172413793
"Census Tract 8300.03",0.53639846743295
"Census Tract 8300.04",1.1177347242921
"Census Tract 8300.05",1.66240409207161
"Census Tract 8300.06",1.1142061281337
"Census Tract 8300.07",2.32142857142857
"Census Tract 8300.08",0.516795865633075
"Census Tract 8301",1.15384615384615
"Census Tract 8302.01",1.73160173160173
"Census Tract 8302.02",2.17864923747277
"Census Tract 8303",2.09580838323353
"Census Tract 8304",3.78378378378378
"Census Tract 8305",1.89959294436906
"Census Tract 8306",13.9618138424821
"Census Tract 8307",20
"Census Tract 8308",5.97609561752988
"Census Tract 8309",4.52488687782805
"Census Tract 8310",3.73563218390805
"Census Tract 8311",3.29411764705882
"Census Tract 8312",1.83875530410184
"Census Tract 8313",4.34782608695652
"Census Tract 8314",0.952380952380952
"Census Tract 8315",1.74966352624495
"Census Tract 8316",1.69902912621359
"Census Tract 8317",3.48027842227378
"Census Tract 8318",2.18181818181818
"Census Tract 8319",3.16265060240964
"Census Tract 8320",14.2480211081794
"Census Tract 8321",11.973018549747
"Census Tract 8322",4.82758620689655
"Census Tract 8323",3.15126050420168
"Census Tract 8324",3.831891223733
"Census Tract 8325",2.31839258114374
"Census Tract 8326",3.15560391730141
"Census Tract 8329",3.84615384615385
"Census Tract 8330",3.81511371973588
"Census Tract 8331",2.66375545851528
"Census Tract 8333",3.50467289719626
"Census Tract 8339",4.33212996389892
"Census Tract 8340",4.87012987012987
"Census Tract 8342",4.05117270788913
"Census Tract 8343",2.12164073550212
"Census Tract 8344",5.50239234449761
"Census Tract 8345",3.90625
"Census Tract 8346",3.51758793969849
"Census Tract 8347",6.25
"Census Tract 8348",6.95652173913043
"Census Tract 8349",1.72413793103448
"Census Tract 8350",1.27551020408163
"Census Tract 8351",1.85922974767596
"Census Tract 8352",1.51057401812689
"Census Tract 8355",3.33333333333333
"Census Tract 8356",2.7027027027027
"Census Tract 8358",6.60377358490566
"Census Tract 8360",6.07142857142857
"Census Tract 8361",5.51724137931035
"Census Tract 8362",5.17241379310345
"Census Tract 8363",2.61780104712042
"Census Tract 8364",7.32323232323232
"Census Tract 8365",6.2015503875969
"Census Tract 8366",7.25
"Census Tract 8367",3.88349514563107
"Census Tract 8368",3.91304347826087
"Census Tract 8369",6.45161290322581
"Census Tract 8370",4.32432432432432
"Census Tract 8371",5.32544378698225
"Census Tract 8373",3.03030303030303
"Census Tract 8374",0
"Census Tract 8378",4.22535211267606
"Census Tract 8380",6.12244897959184
"Census Tract 8381",3.25581395348837
"Census Tract 8382",4.34782608695652
"Census Tract 8383",4.06852248394004
"Census Tract 8386",4.3956043956044
"Census Tract 8387",2.82131661442006
"Census Tract 8388",2.62390670553936
"Census Tract 8390",5.99654874892148
"Census Tract 8391",6.81114551083591
"Census Tract 8392",5.37974683544304
"Census Tract 8395",1.8957345971564
"Census Tract 8396",5.80357142857143
"Census Tract 8397",3.23741007194245
"Census Tract 8398",1.18110236220472
"Census Tract 8399",1.96936542669584
"Census Tract 8400",0.78740157480315
"Census Tract 8401",1.50659133709981
"Census Tract 8402",0.45662100456621
"Census Tract 8403",1.59574468085106
"Census Tract 8404",3.03030303030303
"Census Tract 8407",5.55555555555556
"Census Tract 8408",0.58027079303675
"Census Tract 8410",4.16666666666667
"Census Tract 8411",1.66163141993958
"Census Tract 8412",5.00610500610501
"Census Tract 8413",3.36605890603086
"Census Tract 8415",9.45273631840796
"Census Tract 8417",5.06329113924051
"Census Tract 8418",4.52261306532663
"Census Tract 8419",3.0902348578492
"Census Tract 8420",4.60526315789474
"Census Tract 8421",1.6489988221437
"Census Tract 8422",4.03916768665851
"Census Tract 8423",3.62694300518135
"Census Tract 8424",3.27380952380952
"Census Tract 8425",2.18978102189781
"Census Tract 8426",1.61073825503356
"Census Tract 8428",1.86915887850467
"Census Tract 8429",4.62962962962963
"Census Tract 8430",4.54545454545455
"Census Tract 8431",2.36220472440945
"Census Tract 8432",1.55038759689922
"Census Tract 8433",5.88235294117647
"Census Tract 8434",2.82485875706215
"Census Tract 8435",6.28571428571429
"Census Tract 8436",4.14201183431953
"Census Tract 8437",2.74725274725275
"Census Tract 8438",2.9535864978903
"Census Tract 8439",6.30630630630631
"Census Tract 8446",2.89855072463768
"Census Tract 8447",2.87081339712919
"Census Tract 9800",NA
"Census Tract 9801",0
"Census Tract 9900",NA
